supplier_id;name;contact_id
1;Omega Technologies;8981
2;Tundra Lighting;8982
3;Rush Softwares;8983
4;Tortoisecurity;4865
5;Pixelimited;1883
6;Venusystems;4490
7;Starecords;1004
8;Bluebit;1349
9;Driftshow;5590
10;Lagoonshow;1538
11;Peach Media;5885
12;Oak Technologies;5094
13;Feline Industries;879
14;Redustries;5230
15;Dinosecurity;6559
16;Beedlectrics;4576
17;Wizardustries;7628
18;Goldrover;4482
19;Amazonmedia;7909
20;Thunderbit;7823
21;Herb Acoustics;6988
22;Explorer Navigations;3265
23;Bear Paw Softwares;3182
24;Slickorps;3226
25;Amazystems;7276
26;Sharkfinetworks;1131
27;Phantasmedia;5679
28;Gorillaex;1487
29;Sunwares;4597
30;Rhinopaw;3146
